2410,"South Korea","South Korea",,"KR","Country","Active"
2356,"India","India",,"IN","Country","Active"
20452,"Andaman and Nicobar Islands","Andaman and Nicobar Islands,India",2356,"IN","UT","Active"
20453,"Andhra Pradesh","Andhra Pradesh,India",2356,"IN","State","Active"
20454,"Assam","Assam,India",2356,"IN","State","Active"
20455,"Bihar","Bihar,India",2356,"IN","State","Active"
20456,"Delhi","Delhi,India",2356,"IN","UT","Active"
20457,"Gujarat","Gujarat,India",2356,"IN","State","Active"
20458,"Haryana","Haryana,India",2356,"IN","State","Active"
20459,"Jammu and Kashmir","Jammu and Kashmir,India",2356,"IN","State","Active"
20460,"Karnataka","Karnataka,India",2356,"IN","State","Active"
20461,"Kerala","Kerala,India",2356,"IN","State","Active"
20462,"Maharashtra","Maharashtra,India",2356,"IN","State","Active"
20463,"Meghalaya","Meghalaya,India",2356,"IN","State","Active"
20464,"Madhya Pradesh","Madhya Pradesh,India",2356,"IN","State","Active"
20465,"Odisha","Odisha,India",2356,"IN","State","Active"
20466,"Punjab","Punjab,India",2356,"IN","State","Active"
20467,"Pondicherry","Pondicherry,India",2356,"IN","UT","Active"
20468,"Rajasthan","Rajasthan,India",2356,"IN","State","Active"
20469,"Tamil Nadu","Tamil Nadu,India",2356,"IN","State","Active"
20470,"Tripura","Tripura,India",2356,"IN","State","Active"
20471,"Uttar Pradesh","Uttar Pradesh,India",2356,"IN","State","Active"
20472,"West Bengal","West Bengal,India",2356,"IN","State","Active"
21268,"Goa","Goa,India",2356,"IN","State","Active"
21289,"Arunachal Pradesh","Arunachal Pradesh,India",2356,"IN","State","Active"
21334,"Chhattisgarh","Chhattisgarh,India",2356,"IN","State","Active"
21335,"Himachal Pradesh","Himachal Pradesh,India",2356,"IN","State","Active"
21336,"Jharkhand","Jharkhand,India",2356,"IN","State","Active"
21337,"Manipur","Manipur,India",2356,"IN","State","Active"
21338,"Mizoram","Mizoram,India",2356,"IN","State","Active"
21339,"Nagaland","Nagaland,India",2356,"IN","State","Active"
21340,"Sikkim","Sikkim,India",2356,"IN","State","Active"
21341,"Uttarakhand","Uttarakhand,India",2356,"IN","State","Active"
21342,"Chandigarh","Chandigarh,India",2356,"IN","UT","Active"
21343,"Dadra and Nagar Haveli","Dadra and Nagar Haveli,India",2356,"IN","UT","Active"
21344,"Daman and Diu","Daman and Diu,India",2356,"IN","UT","Active"
21345,"Lakshadweep","Lakshadweep,India",2356,"IN","UT","Active"
1007740,"Hyderabad","Hyderabad,Andhra Pradesh,India",20453,"IN","City","Active"
1007741,"Nellore","Nellore,Andhra Pradesh,India",20453,"IN","City","Active"
1007742,"Vijayawada","Vijayawada,Andhra Pradesh,India",20453,"IN","City","Active"
1007743,"Visakhapatnam","Visakhapatnam,Andhra Pradesh,India",20453,"IN","City","Active"
1007744,"Warangal","Warangal,Andhra Pradesh,India",20453,"IN","City","Active"
1007745,"Guwahati","Guwahati,Assam,India",20454,"IN","City","Active"
1007746,"Silchar","Silchar,Assam,India",20454,"IN","City","Active"
1007747,"Dhanbad","Dhanbad,Jharkhand,India",21336,"IN","City","Active"
1007748,"Jamshedpur","Jamshedpur,Jharkhand,India",21336,"IN","City","Active"
1007749,"Patna","Patna,Bihar,India",20455,"IN","City","Active"
1007751,"New Delhi","New Delhi,Delhi,India",20456,"IN","City","Active"
1007753,"Ahmedabad","Ahmedabad,Gujarat,India",20457,"IN","City","Active"
1007754,"Anand","Anand,Gujarat,India",20457,"IN","City","Active"
1007756,"Gandhinagar","Gandhinagar,Gujarat,India",20457,"IN","City","Active"
1007758,"Jamnagar","Jamnagar,Gujarat,India",20457,"IN","City","Active"
1007759,"Rajkot","Rajkot,Gujarat,India",20457,"IN","City","Active"
1007760,"Surat","Surat,Gujarat,India",20457,"IN","City","Active"
1007761,"Vadodara","Vadodara,Gujarat,India",20457,"IN","City","Active"
1007764,"Faridabad","Faridabad,Haryana,India",20458,"IN","City","Active"
1007765,"Gurgaon","Gurgaon,Haryana,India",20458,"IN","City","Active"
1007767,"Srinagar","Srinagar,Jammu and Kashmir,India",20459,"IN","City","Active"
1007768,"Bangalore","Bangalore,Karnataka,India",20460,"IN","City","Active"
1007769,"Belgaum","Belgaum,Karnataka,India",20460,"IN","City","Active"
1007771,"Dharwad","Dharwad,Karnataka,India",20460,"IN","City","Active"
1007772,"Mangalore","Mangalore,Karnataka,India",20460,"IN","City","Active"
1007773,"Mysuru","Mysuru,Karnataka,India",20460,"IN","City","Active"
1007776,"Kochi","Kochi,Kerala,India",20461,"IN","City","Active"
1007777,"Kottayam","Kottayam,Kerala,India",20461,"IN","City","Active"
1007778,"Kozhikode","Kozhikode,Kerala,India",20461,"IN","City","Active"
1007779,"Thiruvananthapuram","Thiruvananthapuram,Kerala,India",20461,"IN","City","Active"
1007780,"Aurangabad","Aurangabad,Maharashtra,India",20462,"IN","City","Active"
1007783,"Kolhapur","Kolhapur,Maharashtra,India",20462,"IN","City","Active"
1007785,"Mumbai","Mumbai,Maharashtra,India",20462,"IN","City","Active"
1007786,"Nagpur","Nagpur,Maharashtra,India",20462,"IN","City","Active"
1007787,"Nanded","Nanded,Maharashtra,India",20462,"IN","City","Active"
1007788,"Pune","Pune,Maharashtra,India",20462,"IN","City","Active"
1007790,"Solapur","Solapur,Maharashtra,India",20462,"IN","City","Active"
1007791,"Shillong","Shillong,Meghalaya,India",20463,"IN","City","Active"
1007792,"Bhopal","Bhopal,Madhya Pradesh,India",20464,"IN","City","Active"
1007793,"Bilaspur","Bilaspur,Chhattisgarh,India",21334,"IN","City","Active"
1007795,"Gwalior","Gwalior,Madhya Pradesh,India",20464,"IN","City","Active"
1007796,"Indore","Indore,Madhya Pradesh,India",20464,"IN","City","Active"
1007797,"Jabalpur","Jabalpur,Madhya Pradesh,India",20464,"IN","City","Active"
1007799,"Bhubaneswar","Bhubaneswar,Odisha,India",20465,"IN","City","Active"
1007800,"Amritsar","Amritsar,Punjab,India",20466,"IN","City","Active"
1007801,"Chandigarh","Chandigarh,Chandigarh,India",21342,"IN","City","Active"
1007802,"Ludhiana","Ludhiana,Punjab,India",20466,"IN","City","Active"
1007803,"Sangrur","Sangrur,Punjab,India",20466,"IN","City","Active"
1007804,"Puducherry","Puducherry,Pondicherry,India",20467,"IN","City","Active"
1007805,"Jaipur","Jaipur,Rajasthan,India",20468,"IN","City","Active"
1007806,"Kota","Kota,Rajasthan,India",20468,"IN","City","Active"
1007808,"Udaipur","Udaipur,Rajasthan,India",20468,"IN","City","Active"
1007809,"Chennai","Chennai,Tamil Nadu,India",20469,"IN","City","Active"
1007810,"Coimbatore","Coimbatore,Tamil Nadu,India",20469,"IN","City","Active"
1007811,"Erode","Erode,Tamil Nadu,India",20469,"IN","City","Active"
1007812,"Madurai","Madurai,Tamil Nadu,India",20469,"IN","City","Active"
1007814,"Sivakasi","Sivakasi,Tamil Nadu,India",20469,"IN","City","Active"
1007815,"Thanjavur","Thanjavur,Tamil Nadu,India",20469,"IN","City","Active"
1007816,"Vellore","Vellore,Tamil Nadu,India",20469,"IN","City","Active"
1007818,"Allahabad","Allahabad,Uttar Pradesh,India",20471,"IN","City","Active"
1007819,"Dehradun","Dehradun,Uttarakhand,India",21341,"IN","City","Active"
1007820,"Ghaziabad","Ghaziabad,Uttar Pradesh,India",20471,"IN","City","Active"
1007821,"Haldwani","Haldwani,Uttarakhand,India",21341,"IN","City","Active"
1007823,"Kanpur","Kanpur,Uttar Pradesh,India",20471,"IN","City","Active"
1007824,"Lucknow","Lucknow,Uttar Pradesh,India",20471,"IN","City","Active"
1007825,"Mathura","Mathura,Uttar Pradesh,India",20471,"IN","City","Active"
1007826,"Noida","Noida,Uttar Pradesh,India",20471,"IN","City","Active"
1007827,"Varanasi","Varanasi,Uttar Pradesh,India",20471,"IN","City","Active"
1007828,"Kolkata","Kolkata,West Bengal,India",20472,"IN","City","Active"
9040165,"Tezpur","Tezpur,Assam,India",20454,"IN","City","Active"
9040166,"Imphal","Imphal,Manipur,India",21337,"IN","City","Active"
9040167,"Shimla","Shimla,Himachal Pradesh,India",21335,"IN","City","Active"
9040168,"Moradabad","Moradabad,Uttar Pradesh,India",20471,"IN","City","Active"
9040169,"Meerut","Meerut,Uttar Pradesh,India",20471,"IN","City","Active"
9040170,"Sonepat","Sonepat,Haryana,India",20458,"IN","City","Active"
9040171,"Karnal","Karnal,Haryana,India",20458,"IN","City","Active"
9040172,"Roorkee","Roorkee,Uttarakhand,India",21341,"IN","City","Active"
9040173,"Patiala","Patiala,Punjab,India",20466,"IN","City","Active"
9040174,"Pilani","Pilani,Rajasthan,India",20468,"IN","City","Active"
9040175,"Jalandhar","Jalandhar,Punjab,India",20466,"IN","City","Active"
9040176,"Kangra","Kangra,Himachal Pradesh,India",21335,"IN","City","Active"
9040177,"Jammu","Jammu,Jammu and Kashmir,India",20459,"IN","City","Active"
9040178,"Jodhpur","Jodhpur,Rajasthan,India",20468,"IN","City","Active"
9040179,"Nadiad","Nadiad,Gujarat,India",20457,"IN","City","Active"
9040180,"Bhavnagar","Bhavnagar,Gujarat,India",20457,"IN","City","Active"
9040181,"Ajmer","Ajmer,Rajasthan,India",20468,"IN","City","Active"
9040182,"Alwar","Alwar,Rajasthan,India",20468,"IN","City","Active"
9040183,"Agra","Agra,Uttar Pradesh,India",20471,"IN","City","Active"
9040184,"Aligarh","Aligarh,Uttar Pradesh,India",20471,"IN","City","Active"
9040185,"Jhansi","Jhansi,Uttar Pradesh,India",20471,"IN","City","Active"
9040186,"Sagar","Sagar,Madhya Pradesh,India",20464,"IN","City","Active"
9040187,"Satna","Satna,Madhya Pradesh,India",20464,"IN","City","Active"
9040188,"Gorakhpur","Gorakhpur,Uttar Pradesh,India",20471,"IN","City","Active"
9040189,"Bareilly","Bareilly,Uttar Pradesh,India",20471,"IN","City","Active"
9040190,"Siliguri","Siliguri,West Bengal,India",20472,"IN","City","Active"
9040191,"Bokaro Steel City","Bokaro Steel City,Jharkhand,India",21336,"IN","City","Active"
9040192,"Ranchi","Ranchi,Jharkhand,India",21336,"IN","City","Active"
9040193,"Durgapur","Durgapur,West Bengal,India",20472,"IN","City","Active"
9040194,"Barddhaman","Barddhaman,West Bengal,India",20472,"IN","City","Active"
9040195,"Cuttack","Cuttack,Odisha,India",20465,"IN","City","Active"
9040196,"Rourkela","Rourkela,Odisha,India",20465,"IN","City","Active"
9040197,"Sambalpur","Sambalpur,Odisha,India",20465,"IN","City","Active"
9040198,"Raipur","Raipur,Chhattisgarh,India",21334,"IN","City","Active"
9040199,"Bhilai","Bhilai,Chhattisgarh,India",21334,"IN","City","Active"
9040200,"Eluru","Eluru,Andhra Pradesh,India",20453,"IN","City","Active"
9040201,"Rajahmundry","Rajahmundry,Andhra Pradesh,India",20453,"IN","City","Active"
9040202,"Kakinada","Kakinada,Andhra Pradesh,India",20453,"IN","City","Active"
9040203,"Brahmapur","Brahmapur,Odisha,India",20465,"IN","City","Active"
9040204,"Guntur","Guntur,Andhra Pradesh,India",20453,"IN","City","Active"
9040205,"Tirupati","Tirupati,Andhra Pradesh,India",20453,"IN","City","Active"
9040206,"Sembakkam","Sembakkam,Tamil Nadu,India",20469,"IN","City","Active"
9040207,"Irumbuliyur","Irumbuliyur,Tamil Nadu,India",20469,"IN","City","Active"
9040208,"Virudhunagar","Virudhunagar,Tamil Nadu,India",20469,"IN","City","Active"
9040209,"Tirunelveli","Tirunelveli,Tamil Nadu,India",20469,"IN","City","Active"
9040210,"Kollam","Kollam,Kerala,India",20461,"IN","City","Active"
9040211,"Mavelikkara","Mavelikkara,Kerala,India",20461,"IN","City","Active"
9040212,"Ernakulam","Ernakulam,Kerala,India",20461,"IN","City","Active"
9040213,"Alappuzha","Alappuzha,Kerala,India",20461,"IN","City","Active"
9040214,"Kannur","Kannur,Kerala,India",20461,"IN","City","Active"
9040215,"Thrissur","Thrissur,Kerala,India",20461,"IN","City","Active"
9040216,"Palakkad","Palakkad,Kerala,India",20461,"IN","City","Active"
9040217,"Tiruchirappalli","Tiruchirappalli,Tamil Nadu,India",20469,"IN","City","Active"
9040218,"Salem","Salem,Tamil Nadu,India",20469,"IN","City","Active"
9040219,"Chittoor","Chittoor,Andhra Pradesh,India",20453,"IN","City","Active"
9040220,"Hosur","Hosur,Tamil Nadu,India",20469,"IN","City","Active"
9040221,"Anantapur","Anantapur,Andhra Pradesh,India",20453,"IN","City","Active"
9040222,"Kurnool","Kurnool,Andhra Pradesh,India",20453,"IN","City","Active"
9040223,"Bellary","Bellary,Karnataka,India",20460,"IN","City","Active"
9040224,"Hubballi","Hubballi,Karnataka,India",20460,"IN","City","Active"
9040225,"Manipal","Manipal,Karnataka,India",20460,"IN","City","Active"
9040226,"Margao","Margao,Goa,India",21268,"IN","City","Active"
9040227,"Panaji","Panaji,Goa,India",21268,"IN","City","Active"
9040228,"Mormugao","Mormugao,Goa,India",21268,"IN","City","Active"
9040229,"Pimpri Chinchwad","Pimpri Chinchwad,Maharashtra,India",20462,"IN","City","Active"
9040230,"Bijapur","Bijapur,Karnataka,India",20460,"IN","City","Active"
9040231,"Secunderabad","Secunderabad,Andhra Pradesh,India",20453,"IN","City","Active"
9040232,"Karimnagar","Karimnagar,Andhra Pradesh,India",20453,"IN","City","Active"
9040233,"Latur","Latur,Maharashtra,India",20462,"IN","City","Active"
9040234,"Jalgaon","Jalgaon,Maharashtra,India",20462,"IN","City","Active"
9040235,"Nashik","Nashik,Maharashtra,India",20462,"IN","City","Active"
9040236,"Dhule","Dhule,Maharashtra,India",20462,"IN","City","Active"
9040237,"Vapi","Vapi,Gujarat,India",20457,"IN","City","Active"
9040238,"Ambernath","Ambernath,Maharashtra,India",20462,"IN","City","Active"
9040239,"Ulhasnagar","Ulhasnagar,Maharashtra,India",20462,"IN","City","Active"
9040240,"Dombivli","Dombivli,Maharashtra,India",20462,"IN","City","Active"
9040241,"Kalyan","Kalyan,Maharashtra,India",20462,"IN","City","Active"
9040242,"Virar","Virar,Maharashtra,India",20462,"IN","City","Active"
9040243,"Vasai","Vasai,Maharashtra,India",20462,"IN","City","Active"
9040244,"Mira Bhayandar","Mira Bhayandar,Maharashtra,India",20462,"IN","City","Active"
9040245,"Thane","Thane,Maharashtra,India",20462,"IN","City","Active"
9040246,"Navi Mumbai","Navi Mumbai,Maharashtra,India",20462,"IN","City","Active"
2702,"Singapore","Singapore",,"SG","Country","Active"
2344,"Hong Kong","Hong Kong",,"HK","Region","Active"
2360,"Indonesia","Indonesia",,"ID","Country","Active"
1010227,"Ipoh","Ipoh,Perak,Malaysia",20737,"MY","City","Active"
1010228,"Kuala Kangsar","Kuala Kangsar,Perak,Malaysia",20737,"MY","City","Active"
1010229,"Lumut","Lumut,Perak,Malaysia",20737,"MY","City","Active"
1010230,"Taiping","Taiping,Perak,Malaysia",20737,"MY","City","Active"
1010232,"Banting","Banting,Selangor,Malaysia",20738,"MY","City","Active"
1010233,"Kajang","Kajang,Selangor,Malaysia",20738,"MY","City","Active"
1010234,"Kelang","Kelang,Selangor,Malaysia",20738,"MY","City","Active"
1010235,"Kuala Selangor","Kuala Selangor,Selangor,Malaysia",20738,"MY","City","Active"
1010236,"Rawang","Rawang,Selangor,Malaysia",20738,"MY","City","Active"
1010237,"Shah Alam","Shah Alam,Selangor,Malaysia",20738,"MY","City","Active"
1010239,"Kuantan","Kuantan,Pahang,Malaysia",20739,"MY","City","Active"
1010240,"Perai","Perai,Penang,Malaysia",20746,"MY","City","Active"
1010242,"Kota Bharu","Kota Bharu,Kelantan,Malaysia",20740,"MY","City","Active"
1010243,"Batu Pahat","Batu Pahat,Johor,Malaysia",20741,"MY","City","Active"
1010244,"Johor Bahru","Johor Bahru,Johor,Malaysia",20741,"MY","City","Active"
1010245,"Kota Tinggi","Kota Tinggi,Johor,Malaysia",20741,"MY","City","Active"
1010246,"Kulai","Kulai,Johor,Malaysia",20741,"MY","City","Active"
1010247,"Labis","Labis,Johor,Malaysia",20741,"MY","City","Active"
1010248,"Muar","Muar,Johor,Malaysia",20741,"MY","City","Active"
1010249,"Pasir Gudang","Pasir Gudang,Johor,Malaysia",20741,"MY","City","Active"
1010250,"Alor Setar","Alor Setar,Kedah,Malaysia",20742,"MY","City","Active"
1010251,"Jitra","Jitra,Kedah,Malaysia",20742,"MY","City","Active"
1010253,"Kuala Kedah","Kuala Kedah,Kedah,Malaysia",20742,"MY","City","Active"
1010254,"Kulim","Kulim,Kedah,Malaysia",20742,"MY","City","Active"
1010255,"Sungai Petani","Sungai Petani,Kedah,Malaysia",20742,"MY","City","Active"
1010256,"Labuan","Labuan,Wilayah Persekutuan Labuan,Malaysia",20743,"MY","City","Active"
1010257,"Melaka","Melaka,Melaka,Malaysia",20744,"MY","City","Active"
1010258,"Bahau","Bahau,Negeri Sembilan,Malaysia",20745,"MY","City","Active"
1010260,"Seremban","Seremban,Negeri Sembilan,Malaysia",20745,"MY","City","Active"
1010261,"Butterworth","Butterworth,Penang,Malaysia",20746,"MY","City","Active"
1010262,"George Town","George Town,Penang,Malaysia",20746,"MY","City","Active"
1010263,"Kangar","Kangar,Perlis,Malaysia",20747,"MY","City","Active"
1010264,"Kota Kinabalu","Kota Kinabalu,Sabah,Malaysia",20748,"MY","City","Active"
1010265,"Sandakan","Sandakan,Sabah,Malaysia",20748,"MY","City","Active"
1010266,"Sipitang","Sipitang,Sabah,Malaysia",20748,"MY","City","Active"
1010267,"Tawau","Tawau,Sabah,Malaysia",20748,"MY","City","Active"
1010268,"Kuching","Kuching,Sarawak,Malaysia",20749,"MY","City","Active"
1010269,"Miri","Miri,Sarawak,Malaysia",20749,"MY","City","Active"
1010270,"Serian","Serian,Sarawak,Malaysia",20749,"MY","City","Active"
1010271,"Sibu","Sibu,Sarawak,Malaysia",20749,"MY","City","Active"
1010273,"Kuala Terengganu","Kuala Terengganu,Terengganu,Malaysia",20750,"MY","City","Active"
1010274,"Kuala Lumpur","Kuala Lumpur,Federal Territory of Kuala Lumpur,Malaysia",20751,"MY","City","Active"
1010275,"Petaling Jaya","Petaling Jaya,Selangor,Malaysia",20738,"MY","City","Active"
1029490,"Alor Gajah","Alor Gajah,Melaka,Malaysia",20744,"MY","City","Active"
1029491,"Ampang","Ampang,Selangor,Malaysia",20738,"MY","City","Active"
1029492,"Ayer Tawar","Ayer Tawar,Perak,Malaysia",20737,"MY","City","Active"
1029493,"Bagan Serai","Bagan Serai,Perak,Malaysia",20737,"MY","City","Active"
1029494,"Balingian","Balingian,Sarawak,Malaysia",20749,"MY","City","Active"
1029495,"Bandar Baru Bangi","Bandar Baru Bangi,Selangor,Malaysia",20738,"MY","City","Active"
1029496,"Batu Caves","Batu Caves,Selangor,Malaysia",20738,"MY","City","Active"
1029497,"Batu Maung","Batu Maung,Penang,Malaysia",20746,"MY","City","Active"
1029498,"Bayan Lepas","Bayan Lepas,Penang,Malaysia",20746,"MY","City","Active"
1029499,"Beaufort","Beaufort,Sabah,Malaysia",20748,"MY","City","Active"
1029500,"Bedong","Bedong,Kedah,Malaysia",20742,"MY","City","Active"
1029501,"Bemban","Bemban,Melaka,Malaysia",20744,"MY","City","Active"
1029502,"Bentong","Bentong,Pahang,Malaysia",20739,"MY","City","Active"
1029503,"Bidor","Bidor,Perak,Malaysia",20737,"MY","City","Active"
1029504,"Bintulu","Bintulu,Sarawak,Malaysia",20749,"MY","City","Active"
1029505,"Bukit Mertajam","Bukit Mertajam,Penang,Malaysia",20746,"MY","City","Active"
1029506,"Chaah","Chaah,Johor,Malaysia",20741,"MY","City","Active"
1029507,"Cyberjaya","Cyberjaya,Selangor,Malaysia",20738,"MY","City","Active"
1029508,"Durian Tunggal","Durian Tunggal,Melaka,Malaysia",20744,"MY","City","Active"
1029509,"Gelugor","Gelugor,Penang,Malaysia",20746,"MY","City","Active"
1029510,"Jenjarom","Jenjarom,Selangor,Malaysia",20738,"MY","City","Active"
1029511,"Jerantut","Jerantut,Pahang,Malaysia",20739,"MY","City","Active"
1029512,"Kampar","Kampar,Perak,Malaysia",20737,"MY","City","Active"
1029513,"Kapit","Kapit,Sarawak,Malaysia",20749,"MY","City","Active"
1029514,"Keningau","Keningau,Sabah,Malaysia",20748,"MY","City","Active"
1029515,"Kerteh","Kerteh,Terengganu,Malaysia",20750,"MY","City","Active"
1029516,"Kluang","Kluang,Johor,Malaysia",20741,"MY","City","Active"
1029517,"Kota Belud","Kota Belud,Sabah,Malaysia",20748,"MY","City","Active"
1029518,"Kuala Lipis","Kuala Lipis,Pahang,Malaysia",20739,"MY","City","Active"
1029519,"Kuala Perlis","Kuala Perlis,Perlis,Malaysia",20747,"MY","City","Active"
1029520,"Kuala Pilah","Kuala Pilah,Negeri Sembilan,Malaysia",20745,"MY","City","Active"
1029521,"Kubang Semang","Kubang Semang,Penang,Malaysia",20746,"MY","City","Active"
1029522,"Kudat","Kudat,Sabah,Malaysia",20748,"MY","City","Active"
1029523,"Lahad Datu","Lahad Datu,Sabah,Malaysia",20748,"MY","City","Active"
1029524,"Langkawi","Langkawi,Kedah,Malaysia",20742,"MY","City","Active"
1029525,"Limbang","Limbang,Sarawak,Malaysia",20749,"MY","City","Active"
1029526,"Marang","Marang,Terengganu,Malaysia",20750,"MY","City","Active"
1029527,"Mersing","Mersing,Johor,Malaysia",20741,"MY","City","Active"
1029528,"Paka","Paka,Terengganu,Malaysia",20750,"MY","City","Active"
1029529,"Pantai Remis","Pantai Remis,Perak,Malaysia",20737,"MY","City","Active"
1029530,"Papar","Papar,Sabah,Malaysia",20748,"MY","City","Active"
1029531,"Parit Raja","Parit Raja,Johor,Malaysia",20741,"MY","City","Active"
1029532,"Pasir Mas","Pasir Mas,Kelantan,Malaysia",20740,"MY","City","Active"
1029533,"Pekan","Pekan,Pahang,Malaysia",20739,"MY","City","Active"
1029534,"Permatang Pauh","Permatang Pauh,Penang,Malaysia",20746,"MY","City","Active"
1029535,"Port Dickson","Port Dickson,Negeri Sembilan,Malaysia",20745,"MY","City","Active"
1029536,"Puchong","Puchong,Selangor,Malaysia",20738,"MY","City","Active"
1029537,"Putrajaya","Putrajaya,Federal Territory of Putrajaya,Malaysia",21539,"MY","City","Active"
1029538,"Ranau","Ranau,Sabah,Malaysia",20748,"MY","City","Active"
1029539,"Raub District","Raub District,Pahang,Malaysia",20739,"MY","City","Active"
1029540,"Segamat District","Segamat District,Johor,Malaysia",20741,"MY","City","Active"
1029541,"Semporna","Semporna,Sabah,Malaysia",20748,"MY","City","Active"
1029542,"Senai","Senai,Johor,Malaysia",20741,"MY","City","Active"
1029543,"Seri Kembangan","Seri Kembangan,Selangor,Malaysia",20738,"MY","City","Active"
1029544,"Subang","Subang,Selangor,Malaysia",20738,"MY","City","Active"
1029545,"Subang Jaya","Subang Jaya,Selangor,Malaysia",20738,"MY","City","Active"
1029546,"Sungai Pelek","Sungai Pelek,Selangor,Malaysia",20738,"MY","City","Active"
1029547,"Tanah Merah","Tanah Merah,Kelantan,Malaysia",20740,"MY","City","Active"
1029548,"Tangkak","Tangkak,Johor,Malaysia",20741,"MY","City","Active"
1029549,"Tanjong Karang","Tanjong Karang,Selangor,Malaysia",20738,"MY","City","Active"
1029550,"Tanjong Malim","Tanjong Malim,Perak,Malaysia",20737,"MY","City","Active"
1029551,"Tapah","Tapah,Perak,Malaysia",20737,"MY","City","Active"
1029552,"Temerloh","Temerloh,Pahang,Malaysia",20739,"MY","City","Active"
1029553,"Tumpat","Tumpat,Kelantan,Malaysia",20740,"MY","City","Active"
1029554,"Ulu Tiram","Ulu Tiram,Johor,Malaysia",20741,"MY","City","Active"
1029555,"Upm Serdang","Upm Serdang,Selangor,Malaysia",20738,"MY","City","Active"
1029556,"Usm Pulau Pinang","Usm Pulau Pinang,Penang,Malaysia",20746,"MY","City","Active"
1029557,"Yong Peng","Yong Peng,Johor,Malaysia",20741,"MY","City","Active"
20737,"Perak","Perak,Malaysia",2458,"MY","State","Active"
20738,"Selangor","Selangor,Malaysia",2458,"MY","State","Active"
20739,"Pahang","Pahang,Malaysia",2458,"MY","State","Active"
20740,"Kelantan","Kelantan,Malaysia",2458,"MY","State","Active"
20741,"Johor","Johor,Malaysia",2458,"MY","State","Active"
20742,"Kedah","Kedah,Malaysia",2458,"MY","State","Active"
20743,"Wilayah Persekutuan Labuan","Wilayah Persekutuan Labuan,Malaysia",2458,"MY","State","Active"
20744,"Melaka","Melaka,Malaysia",2458,"MY","State","Active"
20745,"Negeri Sembilan","Negeri Sembilan,Malaysia",2458,"MY","State","Active"
20746,"Penang","Penang,Malaysia",2458,"MY","State","Active"
20747,"Perlis","Perlis,Malaysia",2458,"MY","State","Active"
20748,"Sabah","Sabah,Malaysia",2458,"MY","State","Active"
20749,"Sarawak","Sarawak,Malaysia",2458,"MY","State","Active"
20750,"Terengganu","Terengganu,Malaysia",2458,"MY","State","Active"
20751,"Federal Territory of Kuala Lumpur","Federal Territory of Kuala Lumpur,Malaysia",2458,"MY","State","Active"
21539,"Federal Territory of Putrajaya","Federal Territory of Putrajaya,Malaysia",2458,"MY","State","Active"
2458,"Malaysia","Malaysia",,"MY","Country","Active"
9041295,"Kota Kinabalu International Airport","BKI Airport, Malaysia",20748,"MY","Airport","Active"
9041296,"Ipoh Airport","IPH Airport, Malaysia",20737,"MY","Airport","Active"
9041297,"Kuching Airport","KCH Airport, Malaysia",20749,"MY","Airport","Active"
9041298,"Kuala Lumpur International Airport","KUL Airport, Malaysia",20738,"MY","Airport","Active"
9041299,"Penang International Airport","PEN Airport, Malaysia",20746,"MY","Airport","Active"
9041300,"Sultan Abdul Aziz Shah Airport","SZB Airport, Malaysia",20738,"MY","Airport","Active"
1012728,"Bangkok","Bangkok,Bangkok,Thailand",21025,"TH","City","Active"
1012729,"Hua Hin","Hua Hin,Prachuap Khiri Khan,Thailand",21486,"TH","City","Active"
1012730,"Nakhon Pathom","Nakhon Pathom,Nakhon Pathom,Thailand",21488,"TH","City","Active"
1012731,"Mueang Samut Sakhon","Mueang Samut Sakhon,Samut Sakhon,Thailand",21487,"TH","City","Active"
1012732,"Mueang Nonthaburi","Mueang Nonthaburi,Nonthaburi,Thailand",21026,"TH","City","Active"
1012733,"Mueang Pathum Thani","Mueang Pathum Thani,Pathum Thani,Thailand",21027,"TH","City","Active"
1012734,"Phra Nakhon Si Ayutthaya","Phra Nakhon Si Ayutthaya,Phra Nakhon Si Ayutthaya,Thailand",21028,"TH","City","Active"
1012735,"Mueang Saraburi","Mueang Saraburi,Saraburi,Thailand",21029,"TH","City","Active"
1012736,"Mueang Chon Buri","Mueang Chon Buri,Chon Buri,Thailand",21030,"TH","City","Active"
1012737,"Mueang Chachoengsao","Mueang Chachoengsao,Chachoengsao,Thailand",21031,"TH","City","Active"
1012738,"Mueang Nakhon Ratchasima","Mueang Nakhon Ratchasima,Nakhon Ratchasima,Thailand",21032,"TH","City","Active"
1012739,"Mueang Ubon Ratchathani","Mueang Ubon Ratchathani,Ubon Ratchathani,Thailand",21033,"TH","City","Active"
1012740,"Mueang Yasothon","Mueang Yasothon,Yasothon,Thailand",21034,"TH","City","Active"
1012741,"Mueang Khon Kaen","Mueang Khon Kaen,Khon Kaen,Thailand",21035,"TH","City","Active"
1012742,"Mueang Chiang Mai","Mueang Chiang Mai,Chiang Mai,Thailand",21036,"TH","City","Active"
1012743,"Mueang Lampang","Mueang Lampang,Lampang,Thailand",21037,"TH","City","Active"
1012744,"Mueang Phrae","Mueang Phrae,Phrae,Thailand",21038,"TH","City","Active"
1012745,"Mueang Chiang Rai","Mueang Chiang Rai,Chiang Rai,Thailand",21039,"TH","City","Active"
1012746,"Mueang Phitsanulok","Mueang Phitsanulok,Phitsanulok,Thailand",21040,"TH","City","Active"
1012747,"Mueang Nakhon Si Thammarat","Mueang Nakhon Si Thammarat,Nakhon Si Thammarat,Thailand",21041,"TH","City","Active"
1012748,"Mueang Phuket","Mueang Phuket,Phuket,Thailand",21042,"TH","City","Active"
1012749,"Mueang Ranong","Mueang Ranong,Ranong,Thailand",21043,"TH","City","Active"
1012750,"Mueang Songkhla","Mueang Songkhla,Songkhla,Thailand",21044,"TH","City","Active"
1012751,"Mueang Trang","Mueang Trang,Trang,Thailand",21045,"TH","City","Active"
1012752,"Mueang Pattani","Mueang Pattani,Pattani,Thailand",21046,"TH","City","Active"
1012753,"Yala","Yala,Yala,Thailand",21047,"TH","City","Active"
21025,"Bangkok","Bangkok,Thailand",2764,"TH","Province","Active"
21026,"Nonthaburi","Nonthaburi,Thailand",2764,"TH","Province","Active"
21027,"Pathum Thani","Pathum Thani,Thailand",2764,"TH","Province","Active"
21028,"Phra Nakhon Si Ayutthaya","Phra Nakhon Si Ayutthaya,Thailand",2764,"TH","Province","Active"
21029,"Saraburi","Saraburi,Thailand",2764,"TH","Province","Active"
21030,"Chon Buri","Chon Buri,Thailand",2764,"TH","Province","Active"
21031,"Chachoengsao","Chachoengsao,Thailand",2764,"TH","Province","Active"
21032,"Nakhon Ratchasima","Nakhon Ratchasima,Thailand",2764,"TH","Province","Active"
21033,"Ubon Ratchathani","Ubon Ratchathani,Thailand",2764,"TH","Province","Active"
21034,"Yasothon","Yasothon,Thailand",2764,"TH","Province","Active"
21035,"Khon Kaen","Khon Kaen,Thailand",2764,"TH","Province","Active"
21036,"Chiang Mai","Chiang Mai,Thailand",2764,"TH","Province","Active"
21037,"Lampang","Lampang,Thailand",2764,"TH","Province","Active"
21038,"Phrae","Phrae,Thailand",2764,"TH","Province","Active"
21039,"Chiang Rai","Chiang Rai,Thailand",2764,"TH","Province","Active"
21040,"Phitsanulok","Phitsanulok,Thailand",2764,"TH","Province","Active"
21041,"Nakhon Si Thammarat","Nakhon Si Thammarat,Thailand",2764,"TH","Province","Active"
21042,"Phuket","Phuket,Thailand",2764,"TH","Province","Active"
21043,"Ranong","Ranong,Thailand",2764,"TH","Province","Active"
21044,"Songkhla","Songkhla,Thailand",2764,"TH","Province","Active"
21045,"Trang","Trang,Thailand",2764,"TH","Province","Active"
21046,"Pattani","Pattani,Thailand",2764,"TH","Province","Active"
21047,"Yala","Yala,Thailand",2764,"TH","Province","Active"
21486,"Prachuap Khiri Khan","Prachuap Khiri Khan,Thailand",2764,"TH","Province","Active"
21487,"Samut Sakhon","Samut Sakhon,Thailand",2764,"TH","Province","Active"
21488,"Nakhon Pathom","Nakhon Pathom,Thailand",2764,"TH","Province","Active"
2764,"Thailand","Thailand",,"TH","Country","Active"
9041325,"Suvarnabhumi International Airport","BKK Airport, Thailand",2764,"TH","Airport","Active"
9041326,"Chiang Mai International Airport","CNX Airport, Thailand",21036,"TH","Airport","Active"
9041327,"Don Muang Airport","DMK Airport, Thailand",21025,"TH","Airport","Active"
9041328,"Hat Yai International Airport","HDY Airport, Thailand",21044,"TH","Airport","Active"
9041329,"Phuket International Airport","HKT Airport, Thailand",21042,"TH","Airport","Active"
9041330,"Phitsanulok Airport","PHS Airport, Thailand",21040,"TH","Airport","Active"
9041331,"Songkhla Airport","SGZ Airport, Thailand",21044,"TH","Airport","Active"
9041332,"Ubon Ratchathani International Airport","UBP Airport, Thailand",21033,"TH","Airport","Active"
9041333,"Udonthani International Airport","UTH Airport, Thailand",2764,"TH","Airport","Active"
1028807,"Vung Tau","Vung Tau,Ba Ria - Vung Tau,Vietnam",9040374,"VN","City","Active"
1028808,"Nha Trang","Nha Trang,Khanh Hoa,Vietnam",9040364,"VN","City","Active"
2704,"Vietnam","Vietnam",,"VN","Country","Active"
9040323,"Kien Giang","Kien Giang,Vietnam",2704,"VN","Region","Active"
9040324,"An Giang","An Giang,Vietnam",2704,"VN","Region","Active"
9040325,"Cao Lanh","Cao Lanh,Dong Thap,Vietnam",9040326,"VN","City","Active"
9040326,"Dong Thap","Dong Thap,Vietnam",2704,"VN","Region","Active"
9040327,"Long Xuyen","Long Xuyen,An Giang,Vietnam",9040324,"VN","City","Active"
9040328,"My Tho","My Tho,Tien Giang,Vietnam",9040329,"VN","City","Active"
9040329,"Tien Giang","Tien Giang,Vietnam",2704,"VN","Region","Active"
9040330,"Thai Nguyen province","Thai Nguyen province,Vietnam",2704,"VN","Region","Active"
9040331,"Hanoi","Hanoi,Vietnam",2704,"VN","Region","Active"
9040332,"Thai Nguyen","Thai Nguyen,Thai Nguyen province,Vietnam",9040330,"VN","City","Active"
9040333,"Hai Duong","Hai Duong,Hai Duong,Vietnam",9040354,"VN","City","Active"
9040334,"Nam Dinh","Nam Dinh,Nam Dinh,Vietnam",9040337,"VN","City","Active"
9040335,"Thai Binh","Thai Binh,Thai Binh province,Vietnam",9040336,"VN","City","Active"
9040336,"Thai Binh province","Thai Binh province,Vietnam",2704,"VN","Region","Active"
9040337,"Nam Dinh","Nam Dinh,Vietnam",2704,"VN","Region","Active"
9040338,"Ninh Binh","Ninh Binh,Vietnam",2704,"VN","Region","Active"
9040339,"Ninh Binh","Ninh Binh,Ninh Binh,Vietnam",9040338,"VN","City","Active"
9040340,"Thanh Hoa","Thanh Hoa,Vietnam",2704,"VN","Region","Active"
9040341,"Thanh Hoa","Thanh Hoa,Thanh Hoa,Vietnam",9040340,"VN","City","Active"
9040342,"Ha Tinh","Ha Tinh,Vietnam",2704,"VN","Region","Active"
9040343,"thanh pho Ha Tinh","thanh pho Ha Tinh,Ha Tinh,Vietnam",9040342,"VN","City","Active"
9040344,"Quang Binh","Quang Binh,Vietnam",2704,"VN","Region","Active"
9040345,"Nghe An","Nghe An,Vietnam",2704,"VN","Region","Active"
9040346,"Vinh","Vinh,Nghe An,Vietnam",9040345,"VN","City","Active"
9040347,"Quang Tri","Quang Tri,Vietnam",2704,"VN","Region","Active"
9040348,"Dong Ha","Dong Ha,Quang Tri,Vietnam",9040347,"VN","City","Active"
9040349,"Thua Thien - Hue province","Thua Thien - Hue province,Vietnam",2704,"VN","Region","Active"
9040350,"Hue","Hue,Thua Thien - Hue province,Vietnam",9040349,"VN","City","Active"
9040351,"Quang Nam","Quang Nam,Vietnam",2704,"VN","Region","Active"
9040352,"Dong Hoi","Dong Hoi,Quang Binh,Vietnam",9040344,"VN","City","Active"
9040353,"Hai Phong","Hai Phong,Vietnam",2704,"VN","Region","Active"
9040354,"Hai Duong","Hai Duong,Vietnam",2704,"VN","Region","Active"
9040355,"Quang Ngai","Quang Ngai,Vietnam",2704,"VN","Region","Active"
9040356,"Kon Tum","Kon Tum,Vietnam",2704,"VN","Region","Active"
9040357,"Kon Tum","Kon Tum,Kon Tum,Vietnam",9040356,"VN","City","Active"
9040358,"Pleiku","Pleiku,Gia Lai,Vietnam",9040359,"VN","City","Active"
9040359,"Gia Lai","Gia Lai,Vietnam",2704,"VN","Region","Active"
9040360,"Binh Dinh","Binh Dinh,Vietnam",2704,"VN","Region","Active"
9040361,"Qui Nhon","Qui Nhon,Binh Dinh,Vietnam",9040360,"VN","City","Active"
9040362,"Phu Yen","Phu Yen,Vietnam",2704,"VN","Region","Active"
9040363,"Tuy Hoa","Tuy Hoa,Phu Yen,Vietnam",9040362,"VN","City","Active"
9040364,"Khanh Hoa","Khanh Hoa,Vietnam",2704,"VN","Region","Active"
9040365,"Ninh Thuan","Ninh Thuan,Vietnam",2704,"VN","Region","Active"
9040366,"Phan Rang-Thap Cham","Phan Rang-Thap Cham,Ninh Thuan,Vietnam",9040365,"VN","City","Active"
9040367,"Da Lat","Da Lat,Lam Dong,Vietnam",9040368,"VN","City","Active"
9040368,"Lam Dong","Lam Dong,Vietnam",2704,"VN","Region","Active"
9040369,"Buon Ma Thuot","Buon Ma Thuot,Dak Lak province,Vietnam",9040370,"VN","City","Active"
9040370,"Dak Lak province","Dak Lak province,Vietnam",2704,"VN","Region","Active"
9040371,"Bien Hoa","Bien Hoa,Dong Nai,Vietnam",9040372,"VN","City","Active"
9040372,"Dong Nai","Dong Nai,Vietnam",2704,"VN","Region","Active"
9040373,"Ho Chi Minh City","Ho Chi Minh City,Vietnam",2704,"VN","Region","Active"
9040374,"Ba Ria - Vung Tau","Ba Ria - Vung Tau,Vietnam",2704,"VN","Region","Active"
9040375,"Phan Thiet","Phan Thiet,Binh Thuan,Vietnam",9040376,"VN","City","Active"
9040376,"Binh Thuan","Binh Thuan,Vietnam",2704,"VN","Region","Active"
9040377,"Can Tho","Can Tho,Vietnam",2704,"VN","Region","Active"
9040378,"Rach Gia","Rach Gia,Kien Giang,Vietnam",9040323,"VN","City","Active"
9041518,"Nha Trang Airport","NHA Airport, Viet Nam",9040364,"VN","Airport","Active"
2608,"Philippines","Philippines",,"PH","Country","Active"
1009832,"Andong","Andong,Gyeongsangbuk-do,South Korea",21331,"KR","City","Active"
1009833,"Ansan","Ansan,Gyeonggi-do,South Korea",21325,"KR","City","Active"
1009834,"Anyang","Anyang,Gyeonggi-do,South Korea",21325,"KR","City","Active"
1009836,"Changwon","Changwon,Gyeongsangnam-do,South Korea",21332,"KR","City","Active"
1009837,"Jeju","Jeju,Jeju-do,South Korea",21333,"KR","City","Active"
1009838,"Cheonan","Cheonan,Chungcheongnam-do,South Korea",21328,"KR","City","Active"
1009839,"Cheongju","Cheongju,Chungcheongbuk-do,South Korea",21327,"KR","City","Active"
1009840,"Jinhae-gu","Jinhae-gu,Gyeongsangnam-do,South Korea",21332,"KR","City","Active"
1009841,"Jinju","Jinju,Gyeongsangnam-do,South Korea",21332,"KR","City","Active"
1009842,"Jeonju","Jeonju,Jeollabuk-do,South Korea",21329,"KR","City","Active"
1009843,"Chuncheon","Chuncheon,Gangwon-do,South Korea",21326,"KR","City","Active"
1009844,"Chungju","Chungju,Chungcheongbuk-do,South Korea",21327,"KR","City","Active"
1009845,"Gwacheon-si","Gwacheon-si,Gyeonggi-do,South Korea",21325,"KR","City","Active"
1009846,"Incheon","Incheon,South Korea",2410,"KR","City","Active"
1009847,"Iksan","Iksan,Jeollabuk-do,South Korea",21329,"KR","City","Active"
1009848,"Kangnung","Kangnung,Gangwon-do,South Korea",21326,"KR","City","Active"
1009849,"Gimhae","Gimhae,Gyeongsangnam-do,South Korea",21332,"KR","City","Active"
1009850,"Gimpo-si","Gimpo-si,Gyeonggi-do,South Korea",21325,"KR","City","Active"
1009851,"Geoje-si","Geoje-si,Gyeongsangnam-do,South Korea",21332,"KR","City","Active"
1009853,"Gunpo","Gunpo,Gyeonggi-do,South Korea",21325,"KR","City","Active"
1009854,"Gunsan","Gunsan,Jeollabuk-do,South Korea",21329,"KR","City","Active"
1009856,"Gwangju","Gwangju,Gwangju,South Korea",21322,"KR","City","Active"
1009857,"Gwangyang-si","Gwangyang-si,Jeollanam-do,South Korea",21330,"KR","City","Active"
1009858,"Gyeongsan-si","Gyeongsan-si,Gyeongsangbuk-do,South Korea",21331,"KR","City","Active"
1009859,"Masan","Masan,Gyeongsangnam-do,South Korea",21332,"KR","City","Active"
1009860,"Mokpo","Mokpo,Jeollanam-do,South Korea",21330,"KR","City","Active"
1009863,"Osan","Osan,Gyeonggi-do,South Korea",21325,"KR","City","Active"
1009864,"Pohang","Pohang,Gyeongsangbuk-do,South Korea",21331,"KR","City","Active"
1009865,"Bucheon","Bucheon,Gyeonggi-do,South Korea",21325,"KR","City","Active"
1009866,"Busan","Busan,Busan,South Korea",21319,"KR","City","Active"
1009867,"Pyeongtaek-si","Pyeongtaek-si,Gyeonggi-do,South Korea",21325,"KR","City","Active"
1009868,"Samchok","Samchok,Gangwon-do,South Korea",21326,"KR","City","Active"
1009870,"Sangju-si","Sangju-si,Gyeongsangbuk-do,South Korea",21331,"KR","City","Active"
1009871,"Seoul","Seoul,Seoul,South Korea",21318,"KR","City","Active"
1009872,"Siheung","Siheung,Gyeonggi-do,South Korea",21325,"KR","City","Active"
1009873,"Seogwipo","Seogwipo,Jeju-do,South Korea",21333,"KR","City","Active"
1009874,"Sokcho","Sokcho,Gangwon-do,South Korea",21326,"KR","City","Active"
1009875,"Seongnam","Seongnam,Gyeonggi-do,South Korea",21325,"KR","City","Active"
1009876,"Suncheon-si","Suncheon-si,Jeollanam-do,South Korea",21330,"KR","City","Active"
1009877,"Suwon","Suwon,Gyeonggi-do,South Korea",21325,"KR","City","Active"
1009878,"Taean-gun","Taean-gun,Chungcheongnam-do,South Korea",21328,"KR","City","Active"
1009879,"Daegu","Daegu,Daegu,South Korea",21320,"KR","City","Active"
1009880,"Daejeon","Daejeon,Daejeon,South Korea",21323,"KR","City","Active"
1009882,"Dangjin-si","Dangjin-si,Chungcheongnam-do,South Korea",21328,"KR","City","Active"
1009883,"Donghae","Donghae,Gangwon-do,South Korea",21326,"KR","City","Active"
1009884,"Tongyeong-si","Tongyeong-si,Gyeongsangnam-do,South Korea",21332,"KR","City","Active"
1009885,"Uijeongbu","Uijeongbu,Gyeonggi-do,South Korea",21325,"KR","City","Active"
1009886,"Uiwang-si","Uiwang-si,Gyeonggi-do,South Korea",21325,"KR","City","Active"
1009887,"Ulsan","Ulsan,Ulsan,South Korea",21324,"KR","City","Active"
1009888,"Wando","Wando,Jeollanam-do,South Korea",21330,"KR","City","Active"
1009889,"Wonju","Wonju,Gangwon-do,South Korea",21326,"KR","City","Active"
1009890,"Yangsan","Yangsan,Gyeongsangnam-do,South Korea",21332,"KR","City","Active"
1009891,"Yecheon-gun","Yecheon-gun,Gyeongsangbuk-do,South Korea",21331,"KR","City","Active"
1009893,"Yongin-si","Yongin-si,Gyeonggi-do,South Korea",21325,"KR","City","Active"
1009894,"Yeosu-si","Yeosu-si,Jeollanam-do,South Korea",21330,"KR","City","Active"
1030685,"Anseong-si","Anseong-si,Gyeonggi-do,South Korea",21325,"KR","City","Active"
1030686,"Asan-si","Asan-si,Chungcheongnam-do,South Korea",21328,"KR","City","Active"
1030687,"Boeun-gun","Boeun-gun,Chungcheongbuk-do,South Korea",21327,"KR","City","Active"
1030688,"Bonghwa-gun","Bonghwa-gun,Gyeongsangbuk-do,South Korea",21331,"KR","City","Active"
1030689,"Boryeong-si","Boryeong-si,Chungcheongnam-do,South Korea",21328,"KR","City","Active"
1030690,"Boseong-gun","Boseong-gun,Jeollanam-do,South Korea",21330,"KR","City","Active"
1030691,"Buan-gun","Buan-gun,Jeollabuk-do,South Korea",21329,"KR","City","Active"
1030692,"Buyeo-gun","Buyeo-gun,Chungcheongnam-do,South Korea",21328,"KR","City","Active"
1030693,"Changnyeong-gun","Changnyeong-gun,Gyeongsangnam-do,South Korea",21332,"KR","City","Active"
1030694,"Cheongdo-gun","Cheongdo-gun,Gyeongsangbuk-do,South Korea",21331,"KR","City","Active"
1030695,"Cheongsong-gun","Cheongsong-gun,Gyeongsangbuk-do,South Korea",21331,"KR","City","Active"
1030696,"Cheongwon-gun","Cheongwon-gun,Chungcheongbuk-do,South Korea",21327,"KR","City","Active"
1030697,"Cheongyang-gun","Cheongyang-gun,Chungcheongnam-do,South Korea",21328,"KR","City","Active"
1030698,"Cheorwon","Cheorwon,Gangwon-do,South Korea",21326,"KR","City","Active"
1030699,"Chilgok-gun","Chilgok-gun,Gyeongsangbuk-do,South Korea",21331,"KR","City","Active"
1030700,"Damyang-gun","Damyang-gun,Jeollanam-do,South Korea",21330,"KR","City","Active"
1030701,"Danyang-gun","Danyang-gun,Chungcheongbuk-do,South Korea",21327,"KR","City","Active"
1030702,"Dongducheon-si","Dongducheon-si,Gyeonggi-do,South Korea",21325,"KR","City","Active"
1030703,"Eumseong-gun","Eumseong-gun,Chungcheongbuk-do,South Korea",21327,"KR","City","Active"
1030704,"Gangjin-gun","Gangjin-gun,Jeollanam-do,South Korea",21330,"KR","City","Active"
1030705,"Gapyeong-gun","Gapyeong-gun,Gyeonggi-do,South Korea",21325,"KR","City","Active"
1030706,"Geochang-gun","Geochang-gun,Gyeongsangnam-do,South Korea",21332,"KR","City","Active"
1030707,"Geumsan-gun","Geumsan-gun,Chungcheongnam-do,South Korea",21328,"KR","City","Active"
1030708,"Gimcheon-si","Gimcheon-si,Gyeongsangbuk-do,South Korea",21331,"KR","City","Active"
1030709,"Gimje-si","Gimje-si,Jeollabuk-do,South Korea",21329,"KR","City","Active"
1030710,"Gochang-gun","Gochang-gun,Jeollabuk-do,South Korea",21329,"KR","City","Active"
1030711,"Goesan-gun","Goesan-gun,Chungcheongbuk-do,South Korea",21327,"KR","City","Active"
1030712,"Goheung-gun","Goheung-gun,Jeollanam-do,South Korea",21330,"KR","City","Active"
1030713,"Gokseong-gun","Gokseong-gun,Jeollanam-do,South Korea",21330,"KR","City","Active"
1030714,"Gongju-si","Gongju-si,Chungcheongnam-do,South Korea",21328,"KR","City","Active"
1030715,"Goryeong-gun","Goryeong-gun,Gyeongsangbuk-do,South Korea",21331,"KR","City","Active"
1030716,"Goseong-gun","Goseong-gun,Gyeongsangnam-do,South Korea",21332,"KR","City","Active"
1030717,"Goseong-gun","Goseong-gun,Gangwon-do,South Korea",21326,"KR","City","Active"
1030718,"Goyang","Goyang,Gyeonggi-do,South Korea",21325,"KR","City","Active"
1030719,"Gumi","Gumi,Gyeongsangbuk-do,South Korea",21331,"KR","City","Active"
1030720,"Gunwi-gun","Gunwi-gun,Gyeongsangbuk-do,South Korea",21331,"KR","City","Active"
1030721,"Guri-si","Guri-si,Gyeonggi-do,South Korea",21325,"KR","City","Active"
1030722,"Gurye-gun","Gurye-gun,Jeollanam-do,South Korea",21330,"KR","City","Active"
1030723,"Gwangju","Gwangju,Gyeonggi-do,South Korea",21325,"KR","City","Active"
1030724,"Gwangmyeong","Gwangmyeong,Gyeonggi-do,South Korea",21325,"KR","City","Active"
1030725,"Gyeongju","Gyeongju,Gyeongsangbuk-do,South Korea",21331,"KR","City","Active"
1030726,"Gyeryong-si","Gyeryong-si,Chungcheongnam-do,South Korea",21328,"KR","City","Active"
1030727,"Hadong-gun","Hadong-gun,Gyeongsangnam-do,South Korea",21332,"KR","City","Active"
1030728,"Haenam-gun","Haenam-gun,Jeollanam-do,South Korea",21330,"KR","City","Active"
1030729,"Haman-gun","Haman-gun,Gyeongsangnam-do,South Korea",21332,"KR","City","Active"
1030730,"Hampyeong-gun","Hampyeong-gun,Jeollanam-do,South Korea",21330,"KR","City","Active"
1030731,"Hamyang-gun","Hamyang-gun,Gyeongsangnam-do,South Korea",21332,"KR","City","Active"
1030732,"Hanam-si","Hanam-si,Gyeonggi-do,South Korea",21325,"KR","City","Active"
1030733,"Hapcheon-gun","Hapcheon-gun,Gyeongsangnam-do,South Korea",21332,"KR","City","Active"
1030734,"Hoengseong-gun","Hoengseong-gun,Gangwon-do,South Korea",21326,"KR","City","Active"
1030735,"Hongcheon-gun","Hongcheon-gun,Gangwon-do,South Korea",21326,"KR","City","Active"
1030736,"Hongseong-gun","Hongseong-gun,Chungcheongnam-do,South Korea",21328,"KR","City","Active"
1030737,"Hwacheon-gun","Hwacheon-gun,Gangwon-do,South Korea",21326,"KR","City","Active"
1030738,"Hwaseong-si","Hwaseong-si,Gyeonggi-do,South Korea",21325,"KR","City","Active"
1030739,"Hwasun-gun","Hwasun-gun,Jeollanam-do,South Korea",21330,"KR","City","Active"
1030740,"Icheon-si","Icheon-si,Gyeonggi-do,South Korea",21325,"KR","City","Active"
1030741,"Imsil-gun","Imsil-gun,Jeollabuk-do,South Korea",21329,"KR","City","Active"
1030742,"Inje-gun","Inje-gun,Gangwon-do,South Korea",21326,"KR","City","Active"
1030743,"Jangheung-gun","Jangheung-gun,Jeollanam-do,South Korea",21330,"KR","City","Active"
1030744,"Jangseong-gun","Jangseong-gun,Jeollanam-do,South Korea",21330,"KR","City","Active"
1030745,"Jangsu-gun","Jangsu-gun,Jeollabuk-do,South Korea",21329,"KR","City","Active"
1030746,"Jecheon-si","Jecheon-si,Chungcheongbuk-do,South Korea",21327,"KR","City","Active"
1030747,"Jeongeup-si","Jeongeup-si,Jeollabuk-do,South Korea",21329,"KR","City","Active"
1030748,"Jeongseon-gun","Jeongseon-gun,Gangwon-do,South Korea",21326,"KR","City","Active"
1030749,"Jeungpyeong-gun","Jeungpyeong-gun,Chungcheongbuk-do,South Korea",21327,"KR","City","Active"
1030750,"Jinan-gun","Jinan-gun,Jeollabuk-do,South Korea",21329,"KR","City","Active"
1030751,"Jincheon-gun","Jincheon-gun,Chungcheongbuk-do,South Korea",21327,"KR","City","Active"
1030752,"Jindo-gun","Jindo-gun,Jeollanam-do,South Korea",21330,"KR","City","Active"
1030753,"Miryang-si","Miryang-si,Gyeongsangnam-do,South Korea",21332,"KR","City","Active"
1030754,"Muan-gun","Muan-gun,Jeollanam-do,South Korea",21330,"KR","City","Active"
1030755,"Muju-gun","Muju-gun,Jeollabuk-do,South Korea",21329,"KR","City","Active"
1030756,"Mungyeong-si","Mungyeong-si,Gyeongsangbuk-do,South Korea",21331,"KR","City","Active"
1030757,"Naju-si","Naju-si,Jeollanam-do,South Korea",21330,"KR","City","Active"
1030758,"Namhae-gun","Namhae-gun,Gyeongsangnam-do,South Korea",21332,"KR","City","Active"
1030759,"Namwon-si","Namwon-si,Jeollabuk-do,South Korea",21329,"KR","City","Active"
1030760,"Namyangju-si","Namyangju-si,Gyeonggi-do,South Korea",21325,"KR","City","Active"
1030761,"Nonsan-si","Nonsan-si,Chungcheongnam-do,South Korea",21328,"KR","City","Active"
1030762,"Okcheon-gun","Okcheon-gun,Chungcheongbuk-do,South Korea",21327,"KR","City","Active"
1030763,"Paju","Paju,Gyeonggi-do,South Korea",21325,"KR","City","Active"
1030764,"Pocheon-si","Pocheon-si,Gyeonggi-do,South Korea",21325,"KR","City","Active"
1030765,"Pyeongchang-gun","Pyeongchang-gun,Gangwon-do,South Korea",21326,"KR","City","Active"
1030766,"Sacheon-si","Sacheon-si,Gyeongsangnam-do,South Korea",21332,"KR","City","Active"
1030767,"Sancheong-gun","Sancheong-gun,Gyeongsangnam-do,South Korea",21332,"KR","City","Active"
1030768,"Seocheon-gun","Seocheon-gun,Chungcheongnam-do,South Korea",21328,"KR","City","Active"
1030769,"Seongju-gun","Seongju-gun,Gyeongsangbuk-do,South Korea",21331,"KR","City","Active"
1030770,"Seosan-si","Seosan-si,Chungcheongnam-do,South Korea",21328,"KR","City","Active"
1030771,"Sinan-gun","Sinan-gun,Jeollanam-do,South Korea",21330,"KR","City","Active"
1030772,"Sunchang-gun","Sunchang-gun,Jeollabuk-do,South Korea",21329,"KR","City","Active"
1030773,"Taebaek-si","Taebaek-si,Gangwon-do,South Korea",21326,"KR","City","Active"
1030774,"Uiryeong-gun","Uiryeong-gun,Gyeongsangnam-do,South Korea",21332,"KR","City","Active"
1030775,"Uiseong-gun","Uiseong-gun,Gyeongsangbuk-do,South Korea",21331,"KR","City","Active"
1030776,"Uljin-gun","Uljin-gun,Gyeongsangbuk-do,South Korea",21331,"KR","City","Active"
1030777,"Ulleung-gun","Ulleung-gun,Gyeongsangbuk-do,South Korea",21331,"KR","City","Active"
1030778,"Wanju-gun","Wanju-gun,Jeollabuk-do,South Korea",21329,"KR","City","Active"
1030779,"Yanggu-gun","Yanggu-gun,Gangwon-do,South Korea",21326,"KR","City","Active"
1030780,"Yangju-si","Yangju-si,Gyeonggi-do,South Korea",21325,"KR","City","Active"
1030781,"Yangpyeong-gun","Yangpyeong-gun,Gyeonggi-do,South Korea",21325,"KR","City","Active"
1030782,"Yangyang-gun","Yangyang-gun,Gangwon-do,South Korea",21326,"KR","City","Active"
1030783,"Yeoju-gun","Yeoju-gun,Gyeonggi-do,South Korea",21325,"KR","City","Active"
1030784,"Yeoncheon-gun","Yeoncheon-gun,Gyeonggi-do,South Korea",21325,"KR","City","Active"
1030785,"Yeongam-gun","Yeongam-gun,Jeollanam-do,South Korea",21330,"KR","City","Active"
1030786,"Yeongcheon-si","Yeongcheon-si,Gyeongsangbuk-do,South Korea",21331,"KR","City","Active"
1030787,"Yeongdeok-gun","Yeongdeok-gun,Gyeongsangbuk-do,South Korea",21331,"KR","City","Active"
1030788,"Yeongdong-gun","Yeongdong-gun,Chungcheongbuk-do,South Korea",21327,"KR","City","Active"
1030789,"Yeonggwang-gun","Yeonggwang-gun,Jeollanam-do,South Korea",21330,"KR","City","Active"
1030790,"Yeongi-gun","Yeongi-gun,Chungcheongnam-do,South Korea",21328,"KR","City","Active"
1030791,"Yeongju-si","Yeongju-si,Gyeongsangbuk-do,South Korea",21331,"KR","City","Active"
1030792,"Yeongwol-gun","Yeongwol-gun,Gangwon-do,South Korea",21326,"KR","City","Active"
1030793,"Yeongyang-gun","Yeongyang-gun,Gyeongsangbuk-do,South Korea",21331,"KR","City","Active"
1030794,"Yesan-gun","Yesan-gun,Chungcheongnam-do,South Korea",21328,"KR","City","Active"
21318,"Seoul","Seoul,South Korea",2410,"KR","Region","Active"
21319,"Busan","Busan,South Korea",2410,"KR","Region","Active"
21320,"Daegu","Daegu,South Korea",2410,"KR","Region","Active"
21321,"Incheon","Incheon,South Korea",2410,"KR","Region","Active"
21322,"Gwangju","Gwangju,South Korea",2410,"KR","Region","Active"
21323,"Daejeon","Daejeon,South Korea",2410,"KR","Region","Active"
21324,"Ulsan","Ulsan,South Korea",2410,"KR","Region","Active"
21325,"Gyeonggi-do","Gyeonggi-do,South Korea",2410,"KR","Region","Active"
21326,"Gangwon-do","Gangwon-do,South Korea",2410,"KR","Region","Active"
21327,"Chungcheongbuk-do","Chungcheongbuk-do,South Korea",2410,"KR","Region","Active"
21328,"Chungcheongnam-do","Chungcheongnam-do,South Korea",2410,"KR","Region","Active"
21329,"Jeollabuk-do","Jeollabuk-do,South Korea",2410,"KR","Region","Active"
21330,"Jeollanam-do","Jeollanam-do,South Korea",2410,"KR","Region","Active"
21331,"Gyeongsangbuk-do","Gyeongsangbuk-do,South Korea",2410,"KR","Region","Active"
21332,"Gyeongsangnam-do","Gyeongsangnam-do,South Korea",2410,"KR","Region","Active"
21333,"Jeju-do","Jeju-do,South Korea",2410,"KR","Region","Active"